Run,UnixTime_midRun,runduration,Activity_mBq_per_m3,Uncertainty_mBq_per_m3,A_fit_T_cont,SE_A_fit_T_const, A_stat, SE_A_stat, Chi2,Ndf,Prob,TotEntry,mean_alpha_range,SE_mean_alpha_range
1546,1744322605,38481.000,30.836595788,1.355162832,31.012036057,1.313950461,30.720880234,1.273421456,43.586180703,47,0.614764904,582,246.9014152463,2.7761554245
1547,1744351974,16444.900,0.003222064,2.781461512,32.207999913,2.059003765,32.114349618,1.991647416,488.491577886,47,0.000000000,260,244.1195904697,4.5898426472
1563,1744421124,12335.000,39.597230879,2.695920548,40.035753490,2.621714071,39.027093799,2.535082161,25.313431132,47,0.995950517,237,246.7234108151,4.5292953985
1564,1744447195,28799.700,52.558332602,1.904782279,51.883943125,1.996825913,51.415798455,1.904288832,32.180795614,47,0.951179993,729,247.1755701058,2.7174413726
1567,1744484280,43199.900,56.419481309,1.749537315,56.169102436,1.694007378,55.999743787,1.622669822,52.719567610,47,0.262477310,1191,248.1884868371,2.1824324723
1568,1744518655,25528.000,55.653589320,2.344690336,55.392459231,2.089231790,54.743009246,2.087057661,29.292157826,47,0.979992102,688,246.0850837244,2.8269602021
1569,1744540379,15410.600,51.846715920,2.893893636,52.223456768,2.761710290,52.327258113,2.626229803,56.798485562,47,0.154912933,397,245.7068770893,3.7221170921
1572,1744570765,43200.000,56.874330641,1.728893062,56.419869175,1.690716960,56.093652134,1.624027934,52.663228818,47,0.264233955,1193,245.2238307237,2.0992629552
1573,1744613975,43200.300,59.964030199,1.779978909,59.432279912,1.751562440,59.243512885,1.668996899,49.369876257,47,0.378664668,1260,247.2148011709,2.0918535099
1574,1744641885,12600.400,64.715847547,3.187969167,64.995502889,3.317430824,63.030310332,3.187579805,29.780001014,47,0.976409077,391,238.7101416532,3.7325530985
1577,1744670855,43200.400,66.727045383,1.896493337,67.128985789,1.837367799,66.907399754,1.773665433,59.479023673,47,0.104638709,1423,248.6184919391,1.9763692721
1578,1744711148,36525.300,65.111777469,1.887557384,64.192879412,1.998840547,64.064244276,1.887510898,43.954573065,47,0.599462952,1152,249.5997029753,2.1747404806
1581,1744751429,41891.000,69.127036053,1.905347288,68.802411265,1.872074460,68.222933522,1.818793280,43.418220903,47,0.621712649,1407,250.5465882895,1.9558351544
1582,1744794800,43199.900,66.764354811,1.911045360,67.105880004,1.848580120,67.190288726,1.777421352,56.178915071,47,0.168761615,1429,248.7750779148,1.9293035500
1585,1744819588,2669.000,85.786776543,8.263956207,81.492532979,7.469421952,72.298960232,7.417716808,34.196818534,47,0.918272364,95,255.6602685865,6.8890069094
1586,1744832628,6114.000,72.652452641,4.602100830,63.416837346,4.556583577,62.458195812,4.555232101,34.986985254,47,0.902066375,188,248.2977677306,5.7787966197
1587,1744837355,1555.000,56.732292270,10.827935079,60.589049943,10.082867504,64.006297634,9.143756805,34.670387073,47,0.908791024,49,223.5888129479,11.0301168504
1588,1744842312,5870.000,64.746391199,4.683942776,63.308730625,4.952040455,63.324243251,4.681062758,44.643052460,47,0.570703882,183,247.9048704605,5.1042875431
1589,1744876626,43200.500,67.729172233,1.921561269,67.777535120,1.852150689,67.377429311,1.779882536,47.009719489,47,0.472163820,1433,248.9114109158,1.9416350649
1592,1744920907,43199.400,69.176284895,1.894131528,68.946526320,1.844745719,68.225498495,1.791071863,49.396613245,47,0.377651356,1451,247.2904589438,1.8773479789
1593,1744947310,9585.000,68.575735427,3.930547037,68.629194280,3.898397874,68.660966592,3.814498144,51.739125398,47,0.294064162,324,245.5749116650,4.0636945906
1594,1744964878,15442.200,69.196502311,3.215313229,70.451115684,3.126107703,70.635355099,3.048140560,39.958019683,47,0.756915803,537,245.9976284801,3.1799070093
1604,1745018117,43199.000,65.022063832,1.892313727,65.837501935,1.834813461,66.439367340,1.767479590,44.151957829,47,0.591234985,1413,246.9404828749,1.9382628765
1605,1745054126,28800.200,68.668059782,2.227150515,68.774734341,2.214261916,68.271095801,2.194316127,52.376513313,47,0.273285203,968,252.4357126974,2.2379385188
1608,1745091195,43200.300,65.541882924,1.741626394,64.958179723,1.798371205,64.509602920,1.741595577,48.134247024,47,0.426710836,1372,247.0066767332,1.9499201471
1609,1745120685,15759.000,69.926175165,3.054426681,69.705977054,3.040162816,69.344279509,2.989644177,48.981569510,47,0.393513715,538,249.7506084555,3.2368490470
1610,1745146706,29621.400,60.422740471,2.148888859,60.469094158,2.104544904,60.412575048,2.035351368,42.862356827,47,0.644542455,881,251.5196383427,2.4156111061
1613,1745184214,43200.300,51.534474484,1.649554549,51.319547082,1.618710210,51.391396495,1.554462818,54.512425177,47,0.210412032,1093,251.6852571163,2.2181520421
1614,1745225857,40068.500,53.673421452,1.801240875,54.148844699,1.734219470,54.394333224,1.660557034,56.087824868,47,0.170871533,1073,253.3048911783,2.1979493123
1617,1745268557,43200.100,49.624457648,1.573976518,49.458716591,1.565278761,49.463860391,1.525036148,74.296168366,47,0.006775059,1052,255.0336393786,2.2019147665
1618,1745311768,43200.100,53.218803902,1.671219571,53.586041118,1.630394432,53.366427323,1.584054788,56.302690122,47,0.165925117,1135,249.4352328921,2.1291308526
1621,1745356237,43200.400,59.762302456,1.799032887,60.247385570,1.747522990,60.512876658,1.686780320,47.274679921,47,0.461334121,1287,250.3589193288,2.0555353266
1622,1745380271,4847.000,68.770773642,5.335903259,68.484354456,5.657533351,67.888937980,5.333858713,38.094147057,47,0.819643813,162,242.7945290749,5.8195152498
1623,1745400571,32933.800,62.524821724,2.213540035,62.643261475,2.104548433,63.464454428,1.978439907,57.749554269,47,0.135326097,1029,251.7556972347,2.1653324843
1626,1745439710,43199.900,65.633702871,1.928589378,66.432356469,1.863573445,67.331346015,1.779286106,33.415867250,47,0.932421796,1432,252.7353218196,1.8988225811
1627,1745466362,10082.000,55.365993700,3.948520457,56.087460729,3.755912306,59.030701911,3.448610428,34.061726808,47,0.920851274,293,248.4813936474,4.2962832205
1628,1745478234,11005.000,70.456370411,3.994840706,70.522733413,3.587199930,69.583829046,3.583749524,44.376584196,47,0.581852663,377,248.6086379421,3.7302115591
1629,1745489133,9865.000,75.887850097,4.506030190,75.389665255,4.321292067,77.624940562,3.997887837,39.106737174,47,0.786671264,377,244.7020584855,3.7835592139
1632,1745517454,43200.500,70.554526528,1.897238677,70.234043915,1.873280013,69.916425252,1.813108237,53.029882575,47,0.252931668,1487,246.8549695022,1.8824066048
1633,1745556502,34874.100,69.137818542,2.113882297,69.200329906,2.061367804,68.670121623,1.999912128,41.809747613,47,0.686846920,1179,250.2613804258,2.0775834456
1643,1745618914,43200.400,62.678402988,1.814563302,62.282364573,1.787431491,62.440637297,1.713437587,54.315466090,47,0.215764356,1328,251.6916949053,2.0459667661
1644,1745658944,36841.300,61.853379902,2.024902470,61.733332320,1.967325088,62.742863519,1.859915461,50.859883723,47,0.324164166,1138,249.6769755044,2.2189952008
1647,1745700988,43001.000,57.718951125,1.713364099,57.581685344,1.697489276,57.439683686,1.647195898,44.844413601,47,0.562270752,1216,248.4117359664,2.1056546182
1648,1745740406,35416.300,59.121408248,1.947539007,59.175794831,1.911595511,59.360039610,1.845117412,42.632950433,47,0.653877372,1035,249.6368406761,2.1399208538
1651,1745780825,43201.000,56.379130395,1.685162556,56.166429318,1.673832163,56.280425296,1.626710595,57.474779997,47,0.140780592,1197,250.1458129393,2.0790720197
1652,1745809119,13365.000,64.399576765,3.092612288,63.161491870,3.300940191,62.919954233,3.092347044,49.465645150,47,0.375040683,414,251.2600479442,3.4319628650
1653,1745824604,16325.000,57.248939096,3.786187887,55.707731302,2.607238618,54.622094632,2.606970340,44.463999244,47,0.578197160,439,251.8599069917,3.4693283263
1654,1745833542,606.000,311.354135281,34.091567312,64.161279555,48.033971157,30.166637549,10.055545850,17.102612358,47,0.999981352,9,235.1819366400,31.8251231456
1657,1745835707,210.000,1047.715780243,19.649982254,39.276499548,19.680659264,38.689909746,19.344954873,14.595602781,47,0.999998534,4,247.7365941430,36.7564494854
1658,1745836289,26.000,1881291360.071447611,78.123856218,1881291360.071447611,78.123856218,78.123856218,78.123856218,1415.406542703,47,0.000000000,1,282.3098745082,0.0000000000
1659,1745859607,43201.000,60.470583953,1.805407115,60.209428535,1.751827311,59.947821431,1.678874809,49.656253106,47,0.367874645,1275,252.1061581388,1.9931535689
1660,1745917795,29959.900,65.731020050,2.246444880,66.157363512,2.189633373,66.238612133,2.119160949,47.165601193,47,0.465784563,977,245.5526493786,2.2455681378
1664,1745998660,43201.000,72.090074263,1.912240585,72.155184365,1.883313700,71.843349918,1.837912779,61.703044792,47,0.073621259,1528,251.0068013715,1.8666902779
1667,1746027511,11965.000,70.670608534,3.645490723,70.770205038,3.447579116,69.942561455,3.445822680,55.615964589,47,0.182107623,412,247.7278497355,3.7730126935
1668,1746055887,43201.000,72.993409819,1.942690409,72.621598957,1.914940668,72.595636305,1.847510300,53.367489756,47,0.242798279,1544,244.1604409334,1.7948244149
1669,1746091479,27965.200,69.953019920,2.306471536,70.256136542,2.277275561,69.437964690,2.245784275,39.516357032,47,0.772572324,956,248.3751972636,2.2871012459
1672,1746128131,43201.000,74.456024263,1.997206405,74.661964808,1.947534227,74.805477566,1.875418993,54.821455956,47,0.202197952,1591,246.4671776063,1.7964455141
1673,1746168041,36600.700,79.508461230,2.257402350,78.785921594,2.189448453,78.583412080,2.088330615,46.905748605,47,0.476430623,1416,245.9300367178,1.8716367730
1683,1746226426,33731.000,83.207461800,2.408216657,82.847385879,2.352565278,83.462431670,2.241864802,43.145260232,47,0.632957526,1386,247.6829014539,1.9712638774
1684,1746261671,35575.000,90.371465460,2.391973139,90.452301021,2.253010888,88.899787700,2.252975233,40.699037381,47,0.729670043,1557,245.0815210809,1.8354977896
1687,1746302454,43201.000,83.472409158,2.113579560,83.538817710,2.062513407,83.691860507,1.983687339,48.452996528,47,0.414102671,1780,247.9274874391,1.7384846850
1688,1746337961,27792.000,79.865382460,2.565925490,79.053676410,2.518631177,79.006516367,2.402979500,31.741687457,47,0.956841095,1081,245.3687386789,2.2225775463
1689,1746361540,18185.200,82.314472852,3.151502994,82.437761216,3.101880238,82.096809071,3.028186422,45.290054804,47,0.543602010,735,249.3300541695,2.7855855884
1692,1746393379,43201.000,80.362669345,2.080272203,80.755313548,2.030514667,81.293947650,1.955062821,48.896734721,47,0.396789879,1729,250.0051543653,1.8150246686
1693,1746436589,43201.000,87.751078989,2.145632565,87.698049431,2.104544142,87.735399835,2.031042634,33.955294342,47,0.922844090,1866,249.1616778113,1.7747180559
1696,1746481023,43201.000,89.493620637,2.236538345,89.630887765,2.164518072,90.368402188,2.061293871,55.756904397,47,0.178697538,1922,251.8132128562,1.6753043530
1697,1746521539,37812.400,93.053035096,2.412848340,92.728117819,2.352747296,93.416234755,2.240126623,30.206779161,47,0.972885824,1739,250.5132496935,1.7718141673
1700,1746552915,22705.000,97.431456337,3.135814069,96.507119702,3.079523703,96.618272742,2.940000414,33.085108338,47,0.937870103,1080,250.8852405312,2.1867887208
1701,1746567614,5624.000,94.380909204,7.705840347,85.365322766,6.653488396,92.098358237,5.767422910,33.731821741,47,0.926917245,255,245.8870804645,4.6178733898
1702,1746571164,419.000,115.219564081,28.360622033,110.917406183,27.356190369,121.194526352,24.238905270,36.389630581,47,0.868518434,25,245.5554348036,15.0639213355
1703,1746593538,43201.000,91.071107652,2.222421581,90.926861304,2.170698805,91.496831768,2.074123624,53.709197206,47,0.232811318,1946,248.5389651685,1.6659524210
1704,1746624178,18061.900,103.335289175,3.686324354,103.400703760,3.589478087,104.361800410,3.425843935,55.916784616,47,0.174884921,928,244.6439190134,2.4677155343
1707,1746634688,580.000,128.040989849,66.162684714,118.543003019,20.297580232,115.569428681,20.118055245,30.689834646,47,0.968428591,33,247.0513304008,13.8115094764
1708,1746657426,43201.000,104.489112724,2.373935111,104.455694776,2.298639043,103.956575046,2.210841415,56.648693605,47,0.158181272,2211,246.2206799971,1.5658337535
1709,1746698834,39600.800,93.021284784,2.316522783,92.895411667,2.245403668,91.762112082,2.169492888,33.756503322,47,0.926474742,1789,249.5523384437,1.7141089345
1712,1746741359,43201.000,85.746804504,2.190166676,85.769876715,2.124366179,86.701006053,2.019034215,37.942437609,47,0.824340598,1844,249.1589815056,1.6762770107
1713,1746773546,21154.000,88.744354752,3.201012947,89.408299854,3.083643452,90.163365118,2.942370218,52.571425240,47,0.267111845,939,247.1932667701,2.3243114546
1724,1746831764,43201.000,84.317854164,2.189818117,83.756611820,2.115954176,84.726254289,1.995908435,41.030282848,47,0.717129038,1802,245.8511375480,1.7579417457
1725,1746870905,35061.600,104.691338347,2.614344883,104.366578775,2.568135542,104.626822295,2.461977968,43.383821636,47,0.623133049,1806,247.0543719180,1.7127144068
1728,1746917634,56209.500,103.076458694,2.105049508,103.003039764,2.035839406,103.712044245,1.935923743,53.413710521,47,0.241431500,2870,247.9778376801,1.3477751346
1730,1746960131,28442.400,100.847600479,2.710843255,100.950546707,2.694619483,99.981308410,2.672112865,47.018573515,47,0.471800896,1400,247.3295611055,1.9731395546
1733,1746997035,43201.000,92.909069563,2.234447939,93.528307597,2.166993680,93.565619331,2.097441025,30.557564291,47,0.969700460,1990,247.4270847666,1.6256636967
1734,1747034973,14654.000,97.212357497,5.061762415,94.623838437,3.984267344,91.345308615,3.558308025,28.158125133,47,0.986686234,659,253.5475300029,2.7913370125
1737,1747067166,43201.000,96.269634093,2.266198131,96.596089237,2.203636814,96.480729079,2.129864125,59.313025861,47,0.107320898,2052,247.1720649676,1.5827388588
1738,1747102969,28387.000,98.588636061,2.884954856,99.202085412,2.782390258,99.460885748,2.667748733,47.049933652,47,0.470516009,1390,247.9395009742,1.9142375714
1739,1747124513,12736.000,114.430034747,4.237863480,113.761611972,4.445662644,112.597479957,4.237662060,45.662249119,47,0.528028742,706,244.5782428065,2.6770519242
1742,1747139646,14856.000,119.447382684,4.325899756,119.688353251,4.197066998,119.499630365,4.042135294,46.786942366,47,0.481317264,874,243.7946749811,2.4973207577
1743,1747149901,3559.000,114.757963959,7.991717332,113.026711580,8.519171997,111.862649982,7.990189284,42.567360478,47,0.656535687,196,245.0781260604,4.9895662525
1744,1747173778,43204.000,124.351157088,2.643517300,123.276262451,2.559446486,124.306693173,2.417485000,46.197632805,47,0.505706771,2644,243.4405614210,1.3910745775
1745,1747196865,2955.000,136.248865003,9.691912605,136.851178987,10.189622788,134.727299928,9.623378566,40.443136051,47,0.739210286,196,245.0664405591,4.9170328609
1746,1747207704,17555.000,123.530326391,3.964396970,123.502790791,3.905190643,123.689801180,3.783075762,65.533482991,47,0.038139192,1069,245.7103642405,2.1738899389
1749,1747218065,725.000,185.671459777,59.755041639,164.750293678,26.912431844,151.290888455,20.588082192,26.374495356,47,0.993492938,54,239.1944649471,9.5968973616
1750,1747226709,15306.000,151.735018447,4.753543890,150.895034938,4.685711984,151.551910285,4.484648021,44.334500530,47,0.583611728,1142,242.8959540210,2.1004838587
1751,1747235592,1101.000,257.017904564,19.701129546,220.746873949,19.781153248,210.317084314,19.697999710,49.247857429,47,0.383304243,114,241.6749509545,6.6325283498
1752,1747241436,9113.000,174.530283396,6.642370030,175.509621531,6.444587800,174.970690816,6.244971750,39.591722180,47,0.769933335,785,242.7091430106,2.5589863268
1753,1747268024,43201.000,170.492207187,2.942634825,169.671703372,2.920163194,169.170401182,2.820290209,52.827210916,47,0.259141107,3598,242.5998251018,1.1792727693
1754,1747301564,23857.000,160.511828724,3.966935280,161.510286915,3.855170140,162.109375790,3.715135529,44.047469563,47,0.595592748,1904,240.3690824902,1.6399114724
1757,1747336268,43201.000,158.685263415,2.904036386,159.171753752,2.833017732,159.155588661,2.735536770,45.825127251,47,0.521225465,3385,242.2269109865,1.2272045034
1758,1747373751,31745.800,156.554004085,3.419012646,156.646130272,3.311050728,156.952519762,3.168980146,62.118347949,47,0.068769258,2453,242.3181350009,1.4513245951
1770,1747439965,43201.000,152.975195300,2.902133037,153.159188933,2.813918036,153.419404963,2.685788173,47.213539862,47,0.463827248,3263,245.0365534715,1.2146786478
1771,1747475207,27262.100,146.648138791,3.504288290,147.494209343,3.395077315,146.033934028,3.298570337,48.404385360,47,0.416016553,1960,240.8185949321,1.5929140188
1774,1747511518,43201.000,138.158424654,2.702848549,138.539170018,2.639038592,138.467713030,2.551560497,40.297481782,47,0.744579853,2945,242.2315795474,1.2912091446
1775,1747553481,40701.600,122.567811612,2.695114249,123.490137970,2.599962779,124.263872957,2.490262976,61.458113967,47,0.076613615,2490,246.5417983858,1.4457829362
1778,1747596527,43201.000,117.342327955,2.556109183,116.965806383,2.468078143,117.309658407,2.348542886,57.402702860,47,0.142238630,2495,246.8091511901,1.3953858711
1779,1747638633,40991.300,111.829150402,2.540804455,112.103785417,2.469005666,112.731874698,2.363502297,31.942166007,47,0.954319322,2275,245.4550084826,1.4566131325
1782,1747682143,43201.000,112.165161977,2.454488977,110.967800548,2.415395551,111.667510508,2.291368968,52.435279515,47,0.271414909,2375,244.0700815190,1.4433816958
1783,1747718946,804.000,42.378653126,63698.293226280,93.604405070,16.621995860,93.476554330,15.367450869,48.204602718,47,0.423916212,37,251.1445127696,12.2775253470
1784,1747733198,26875.700,113.021826345,3.089119436,112.572187569,3.033772764,112.687275500,2.918341138,45.770007582,47,0.523526746,1491,244.4368547396,1.8526034420
1787,1747769342,43201.000,121.622710875,2.506624720,121.543328030,2.465475200,121.353197735,2.388675870,32.542107409,47,0.946134819,2581,241.8420905049,1.4054020111
1788,1747812552,43201.000,121.159507394,2.542055760,121.759852983,2.476460449,121.870394626,2.393760624,69.440228968,47,0.018303881,2592,243.8102207440,1.4100905212
1792,1747858292,43201.000,119.521291482,2.482055227,119.675109970,2.441763618,119.613535466,2.371492599,43.010654881,47,0.638479107,2544,244.6155669545,1.4135091293
1793,1747884895,9985.000,118.402802005,5.335473730,119.260391096,5.197489205,121.039164316,4.962121954,57.853228672,47,0.133310535,595,244.0619591716,2.9957016473
1794,1747900226,19596.000,109.529415241,3.725321017,110.209963830,3.595458625,112.050882979,3.408022366,50.223230777,47,0.346942351,1081,248.4994479659,2.2275283646
1797,1747932877,43201.000,118.373028877,2.596106727,119.231020008,2.489742987,119.989678660,2.375218435,48.718086079,47,0.403725017,2552,243.9044385802,1.4069685831
1798,1747970975,32975.000,111.267278773,2.845485420,109.952624573,2.779946922,111.062627196,2.615592475,54.979527104,47,0.198083116,1803,244.7836248279,1.6674246481
2011,1748025736,23479.400,110.014742922,3.340978315,109.736822156,3.242103292,110.301538147,3.089060942,44.118169972,47,0.592644638,1275,251.2968111890,2.0020579607
2012,1748059190,43201.000,107.942921423,2.304238531,107.381937224,2.298199093,106.919037144,2.242124937,50.983429992,47,0.319837410,2274,243.4891187858,1.5097422893
2013,1748090553,19505.900,103.237971776,3.536339709,102.707672658,3.441141103,103.092620661,3.276498568,58.193534369,47,0.126856112,990,247.1668831986,2.2552736999
2016,1748122973,43201.000,94.505222603,2.275603712,93.672647862,2.227059841,94.506272937,2.107961174,44.767111922,47,0.565508752,2010,246.6386583418,1.5923484286
2017,1748159090,29010.900,91.235259705,2.797055779,89.539160583,2.637806366,89.270375437,2.500070576,33.750001298,47,0.926591490,1275,249.5894784944,1.9679729076
2020,1748194480,39515.400,83.165141559,2.139398851,83.475000536,2.101359896,82.965116320,2.065112718,36.038287573,47,0.877496843,1614,246.0621416998,1.7881866521
2021,1748236036,43201.000,83.059450311,2.152237698,83.536364232,2.070480948,83.551068164,1.982021187,50.198751474,47,0.347833844,1777,250.0675239801,1.6557556546
2024,1748264774,11995.900,95.006844550,4.194670388,94.695230420,4.154462154,94.992299977,4.010578049,41.807245302,47,0.686945711,561,249.9519299267,3.0123114428
2027,1748293575,43201.000,92.098855006,2.262212314,91.649922904,2.199831345,92.578533042,2.086351300,46.863021847,47,0.478186704,1969,246.1541939997,1.6775876156
2028,1748323348,16324.000,87.136355978,3.605349865,87.875475430,3.476434026,88.471093091,3.317925214,58.627858554,47,0.118972627,711,247.6937253867,2.6922556663
2029,1748346133,28359.900,88.531978862,2.650536477,88.630232774,2.592995538,88.239774833,2.513963902,40.925763000,47,0.721108773,1232,244.8149394991,2.0683462051
2032,1748383654,43201.000,91.917239097,2.252023709,92.707637881,2.176469635,93.001695458,2.091114061,63.047384546,47,0.058876286,1978,247.7463265329,1.5815709641
2033,1748422541,34553.400,88.336328600,2.433896272,87.504864456,2.398370017,88.118931759,2.275979821,40.398278043,47,0.740868754,1499,245.9170164970,1.8439303260
2036,1748462576,43201.000,88.635745315,2.076966452,88.355140573,2.070394596,87.641638187,2.029960245,49.934893853,47,0.357514161,1864,248.1689623655,1.6478098538
2037,1748505786,43201.000,85.640116258,2.067323711,85.618181369,2.048350958,85.384771967,2.003652953,71.364567979,47,0.012473317,1816,247.4027145064,1.6939989382
2041,1748550297,43201.000,77.681322772,1.979383236,77.022251132,1.978099429,77.156613876,1.904666175,61.707483262,47,0.073567940,1641,247.4710866626,1.7743885367
2042,1748584844,25874.400,78.800120282,2.665864298,79.375087868,2.578349591,79.131358734,2.492403525,57.668648123,47,0.136915126,1008,248.1049627980,2.1053730691
2058,1748642718,43201.000,89.124305504,2.174565816,89.360046549,2.112239280,89.052179574,2.046230558,60.701766143,47,0.086493258,1894,249.0650225632,1.6141519608
2059,1748682048,35442.200,95.502675804,2.546460549,95.591945664,2.467844849,96.397039892,2.350448296,40.978627126,47,0.719098451,1682,246.0744927824,1.7795407323
2062,1748722489,43201.000,99.443703082,2.239366814,98.778272005,2.228444615,98.596842960,2.153097982,44.694773509,47,0.568538266,2097,247.4442369695,1.5707244508
2063,1748751559,14919.000,99.623120392,4.134544518,97.363495079,3.973611288,99.525883500,3.681097775,63.936849437,47,0.050559897,731,253.9086522013,2.5131559336
2064,1748772929,26472.200,93.136311073,2.929967815,93.191419920,2.849707605,94.838966794,2.697600159,52.212481681,47,0.278546643,1236,249.6197351407,1.9774614276
2067,1748808848,43201.000,88.832263014,2.160594017,88.509713484,2.110685724,87.970764510,2.033768294,51.843479299,47,0.290600999,1871,249.6316080299,1.6339490673
2068,1748852060,43201.000,82.259533388,2.070420095,82.097598928,2.036323372,82.140526777,1.965219348,61.788264522,47,0.072603109,1747,247.9558958138,1.6918793918
2071,1748896351,43201.000,82.888074089,2.082721517,83.113416449,2.023989288,82.375617008,1.968029616,39.758758072,47,0.764036067,1752,248.6025219466,1.7467751369
2072,1748938515,41105.500,87.086464609,2.218607941,87.203052104,2.159136858,87.266818381,2.076604510,47.296978179,47,0.460425765,1766,249.1701929360,1.6796302307
2075,1748960601,429.000,121.478567682,36.436652301,124.452066315,20.695195709,71.021909633,18.337778215,18.619907466,47,0.999932616,15,243.9046956077,16.9643049232
2076,1748962568,2405.000,90.220558008,9.278888782,90.587051477,8.698408561,89.525996359,8.695533458,32.496713483,47,0.946788300,106,243.7614519652,7.6460103494
2077,1748966647,4626.000,92.281095387,7.259233519,94.335380475,6.904339807,95.721444483,6.483074270,52.304948539,47,0.275573295,218,247.1688054134,5.2145131473
2078,1748971697,3402.000,110.393479427,9.860090953,110.433315589,8.650948923,106.875239322,7.988230442,42.591595754,47,0.655554021,179,248.1887736626,5.5026047722
2079,1748986237,23704.000,109.695935087,3.371464445,111.391741817,3.195721281,110.370396590,3.075350867,51.625835542,47,0.297850611,1288,248.0221347091,1.9878838973
2080,1749019881,42569.400,108.615716850,2.506895415,109.476188952,2.418069950,110.891171932,2.300270508,46.820711684,47,0.479927133,2324,247.0048755106,1.4737882621
2083,1749050473,16300.000,121.956801391,4.171556282,120.777976530,4.087339981,121.250521281,3.887113254,36.833999164,47,0.856617565,973,245.1857378744,2.3273375735
2084,1749060338,315.000,122.352723735,27.382210658,123.089426751,35.092750639,116.070092314,27.357983123,24.226915015,47,0.997609948,18,251.2786299394,13.8700817775
2085,1749081335,40368.500,131.208218030,2.693355748,130.825734104,2.654294586,130.623240741,2.563705353,69.888039775,47,0.016762004,2596,243.9924468095,1.4059614360
2086,1749116811,29804.800,139.872853448,3.357362763,139.898372783,3.249364647,140.663642581,3.096185790,44.938566800,47,0.558326313,2064,243.8581093316,1.5217191646
2089,1749154460,43201.000,134.966962058,2.632615024,134.756042612,2.592806486,134.283540054,2.512717592,53.423015463,47,0.241156947,2856,242.8024954020,1.3042125535
2090,1749189918,27694.700,125.808996586,3.227303590,125.844339716,3.146417290,125.490752351,3.033798402,48.943394491,47,0.394986580,1711,242.7731139025,1.7027570317
2108,1749256107,43201.000,120.801120841,2.438884222,120.399189637,2.361377805,118.579512611,2.361223625,39.564816643,47,0.770877031,2522,244.1814747799,1.3910872881
2109,1749291245,27055.200,109.514202522,3.014969976,109.105733563,2.955991967,108.411367604,2.852930726,42.723415374,47,0.650202968,1444,247.4031714258,1.8072174804
2112,1749327555,43201.000,107.717626174,2.358097671,107.632541471,2.324483030,107.718343930,2.250490186,60.673601856,47,0.086880358,2291,244.8625595287,1.4924478212
2113,1749369467,40603.500,98.704198738,2.467727441,99.939148221,2.339256181,99.851695655,2.234987898,50.388623378,47,0.340948919,1996,246.4799984994,1.5485814209
2118,1749425167,43201.000,86.184443347,2.078560540,85.848836396,2.065103200,85.572844152,2.005858406,46.616051388,47,0.488365499,1820,245.7038584299,1.6644500672
2119,1749462199,30845.300,83.966173522,2.519423729,84.645832692,2.437186053,84.356491733,2.356915133,51.987191705,47,0.285870597,1281,248.2534520430,2.0050885482
2122,1749500362,43201.000,78.886880821,1.910489160,78.201758701,1.967106950,77.626794338,1.910460731,54.933595552,47,0.199272740,1651,247.4206475648,1.7515385689
2123,1749540543,37140.000,74.412274695,2.126128626,72.711090102,2.145312782,73.395425902,2.003515640,44.661085985,47,0.569948847,1342,248.1007214745,1.8683123148
2126,1749581807,43201.000,80.602809462,2.049027259,79.969226942,2.026079611,80.118750789,1.940883080,42.418434814,47,0.662552852,1704,246.9478460113,1.7334751507
2127,1749609416,11994.000,73.978904009,3.751865196,74.100018773,3.643985748,73.499445650,3.528086292,50.066452109,47,0.352671443,434,247.4355326163,3.4426976952
2128,1749632251,31198.500,78.405601759,2.430881465,78.214401723,2.365258333,78.518496027,2.260988318,48.438430831,47,0.414675795,1206,246.5095932782,1.9667387530
2131,1749663366,28901.000,81.937138600,2.530171399,81.863410486,2.460948443,80.894842201,2.384422275,42.321829651,47,0.666441617,1151,247.7723925890,2.1508136224
2132,1749699884,43201.000,77.638097021,2.093657380,78.561238954,2.006445030,78.708209401,1.923721973,51.920064612,47,0.288074500,1674,246.3619359433,1.6891387205
2133,1749722556,2126.000,129.821266200,9.215280595,97.453357510,9.217702031,88.854221657,9.213753573,24.398515473,47,0.997394703,93,248.9746180983,6.9022699830
2136,1749746477,43201.000,90.915017725,2.208571919,90.857256796,2.154359742,90.979919469,2.068259669,55.776161984,47,0.178235173,1935,244.1030015980,1.6208788884
2137,1749784067,31957.400,88.721116374,2.546806753,89.171262779,2.475585454,89.365987890,2.383304869,39.663058844,47,0.767422857,1406,247.5946193513,1.8485035386
2153,1749844741,43201.000,95.455983451,2.207211400,95.958690971,2.160576005,95.446633862,2.118422584,69.645082180,47,0.017583362,2030,246.8350985100,1.5525616572
2154,1749886529,40354.300,92.711656113,2.349073611,92.918302461,2.263258254,93.018756005,2.163812093,36.844612152,47,0.856325946,1848,246.3314105965,1.6830887917
2157,1749929387,43201.000,94.832467294,2.261232674,95.290029566,2.195258425,95.258561677,2.116334439,40.385526417,47,0.741339430,2026,249.6286495987,1.5200675451
2158,1749972600,43201.000,91.086885816,2.162129699,91.024138443,2.129399636,90.838865331,2.066655745,51.676611149,47,0.296150126,1932,247.8546351029,1.6398560338
2159,1750002028,15636.000,87.448335172,3.691558247,87.261222436,3.579852789,88.336793204,3.387561381,59.030703108,47,0.112007608,680,247.8037004573,2.6831415018
2162,1750032515,43201.000,83.754296339,2.148663760,83.379628818,2.093032360,84.068266673,1.988146285,50.489651093,47,0.337313816,1788,247.2627958348,1.6943207841
2163,1750071178,34106.000,88.265149661,2.456552358,89.248604595,2.380840153,89.334425710,2.306604953,45.066104518,47,0.552982937,1500,243.6986336015,1.8988425554
2166,1750110930,43201.000,90.045548641,2.263014445,91.383739577,2.170379946,91.779226255,2.077325180,49.379372181,47,0.378304642,1952,249.1821159627,1.5804646100
2167,1750151219,37359.300,97.086584650,2.379684979,96.616527720,2.362984822,96.561190095,2.291295641,54.774955724,47,0.203419592,1776,245.9680770029,1.6672572270
2170,1750185937,29117.000,99.787377195,2.792214835,100.674703058,2.720490189,100.455621332,2.647238060,37.588279690,47,0.835047641,1440,250.6134788096,1.8711599099
2172,1750229607,15955.000,106.453976579,3.860315411,105.462167429,3.818360942,105.157830423,3.658908876,70.018649414,47,0.016334911,826,250.3713402956,2.4937984452
2173,1750248436,20822.900,116.070970407,3.604184150,114.908613369,3.526244323,115.496511665,3.356549191,54.431803920,47,0.212591875,1184,246.9368665314,2.0580866290
2176,1750272466,24835.000,116.027277218,3.430600294,117.845904433,3.268675801,118.839229810,3.117647584,34.962553206,47,0.902596398,1453,246.3407688677,1.9035900953
2177,1750286559,2416.000,117.451449335,10.767550275,121.239042230,10.542150212,117.703529044,9.947763837,29.109805339,47,0.981216702,140,248.2082813200,5.9787126889
2178,1750309876,43201.000,118.186986198,2.406724966,118.664170758,2.374211387,117.639151686,2.351842485,48.515278126,47,0.411655413,2502,245.9207436331,1.3994036906
2181,1750354216,43201.000,126.540165246,2.508235308,126.396142540,2.485694663,125.820291731,2.432246759,61.711716394,47,0.073517118,2676,246.2418497548,1.3494616112
2182,1750385549,19442.000,123.775018044,3.560029482,122.732453854,3.579356956,121.296888211,3.559865172,40.986259128,47,0.718807788,1161,248.1599987408,2.0643060612
2183,1750403209,14886.100,121.992244880,4.488283840,121.170512046,4.320699649,121.987397254,4.079868880,48.589547247,47,0.408744340,894,243.9861318993,2.2809187719
2683,1752105311,43201.000,82.523323804,2.068845958,82.035047477,2.000796769,82.005849624,1.903000405,56.317501934,47,0.165588030,1857,246.5253641007,1.6316996606
2686,1752146718,21602.100,87.827077916,2.885170524,87.839230218,2.838245403,87.077844747,2.773123517,55.114084177,47,0.194626570,986,245.9271986551,2.2717349697
2689,1752180210,43201.000,82.600413126,2.032723842,81.237455676,2.014225368,81.785047660,1.900436749,24.605542949,47,0.997113411,1852,250.0870329736,1.6762579216
2690,1752211939,20233.000,79.090854446,3.006123612,79.235068981,2.867263491,79.109457783,2.731161787,57.540187715,47,0.139467301,839,247.7074372863,2.5680442054
2727,1752281745,23343.000,76.095936944,2.614185798,76.711858009,2.552664641,76.170353458,2.495042885,48.920164296,47,0.395883955,932,252.2339830630,2.2571835713
2728,1752317836,37739.500,79.626890780,2.163999926,79.478566394,2.101632868,79.769631427,2.008094219,51.854960955,47,0.290221410,1578,249.0045469432,1.7980628935
2731,1752357408,39162.000,76.638168951,2.056521470,76.503413721,2.007650370,76.384972012,1.929011846,42.679676564,47,0.651980631,1568,249.4283360576,1.8104202833
2732,1752378060,217.000,294.946408850,317.786697986,104.556492872,68.647108353,79.124231359,26.374743786,22.322850546,47,0.999153515,9,251.4741809844,21.9381018715
2733,1752400324,43104.300,72.269495253,1.908354282,72.707288389,1.855684233,72.762555756,1.794556096,47.935702321,47,0.434631467,1644,251.3034632985,1.8015366882
2736,1752442989,39671.000,69.071199144,1.898508757,68.184372631,1.886798902,68.239521993,1.811526862,72.848728552,47,0.009192933,1419,250.2999461109,1.8337089414
2737,1752466775,6536.000,65.893206069,4.554688173,66.108884381,4.504936314,66.258338646,4.397720395,45.757925254,47,0.524031336,227,254.3959249571,4.4078085006
2738,1752487117,30865.800,72.564144928,2.381976472,71.747187220,2.267925165,72.686961149,2.119594831,39.869864430,47,0.760077156,1176,248.8289821030,2.1516984769
2741,1752525766,43201.000,63.037156441,1.806934929,62.354622679,1.773641138,63.281843032,1.671691076,53.593766676,47,0.236154520,1433,251.3771333123,1.8946051027
2742,1752548604,2455.000,53.906146388,7.592081501,52.323590312,7.155505553,54.396789968,6.501659963,43.076454063,47,0.635782063,70,244.0906171191,8.5385017080
2744,1752570175,38269.900,63.418349015,1.951740602,64.273870623,1.876937503,64.855482956,1.798076021,37.652163009,47,0.833143212,1301,248.1371034137,1.9742410551
2747,1752612423,43201.000,66.605765052,1.811976444,66.743026485,1.774241562,66.770514072,1.717152333,63.576911383,47,0.053795971,1512,251.8750434929,1.8478455617
2748,1752655058,42051.600,73.243907222,1.913296325,73.197045574,1.882389585,73.177668982,1.822054602,51.158962603,47,0.313743851,1613,250.1164846998,1.7776495823
2751,1752697218,39419.000,81.297705715,2.008088982,80.753252768,2.004883185,80.145927337,1.969478717,53.144033684,47,0.249475903,1656,251.7104146264,1.7375547327
2752,1752720359,2381.000,120.311708868,8.335913879,93.850687788,8.331983038,86.534858655,8.326820657,31.598807869,47,0.958575114,108,250.8633737802,7.8656695993
2753,1752730118,15788.000,75.567017278,3.064747380,75.417917784,3.049533774,74.918884153,3.008814793,44.929087661,47,0.558723449,620,249.6714311893,2.8689294261
2769,1752766007,4196.000,79.510936002,6.182813936,77.255076078,5.876516315,75.929006997,5.875562964,29.266630011,47,0.980167185,167,247.0211167582,5.0419953542
2770,1752789814,39915.000,75.436810603,2.107862539,76.010703119,2.010804406,76.521227291,1.912433140,49.959796126,47,0.356595057,1601,250.9057752186,1.7995908092
2771,1752828230,35242.800,79.067328122,2.131262752,79.269935988,2.101984438,78.816600353,2.065556176,73.551738989,47,0.007933769,1456,245.1675208609,1.9476207320
2774,1752868589,43201.000,76.757904485,1.979426598,76.113369283,1.923049206,75.867555010,1.830393684,43.919838253,47,0.600908978,1718,250.2756086714,1.8004846482
2775,1752911801,43201.000,79.460376255,1.892461628,79.379485482,1.884702124,78.737980549,1.864698409,53.982787902,47,0.225011812,1783,249.4381475605,1.7321241189
2778,1752956197,43201.000,70.726006241,1.804353407,70.651639496,1.792803181,70.215024718,1.760887015,46.625902341,47,0.487958618,1590,249.7481709380,1.8604236224
2779,1752995217,34821.000,72.042849568,2.113147287,72.732433019,2.058062678,72.758471089,1.996569934,38.682196777,47,0.800831326,1328,248.8129926443,1.9607429110
2782,1753036218,43201.000,68.008321383,1.767864954,67.834740443,1.757633694,67.344599180,1.724518472,44.702064491,47,0.568232953,1525,248.5101356091,1.8686468551
2783,1753063126,10597.100,71.530186589,4.115312506,74.020207011,3.873534053,74.711557932,3.667446138,50.890857110,47,0.323076520,415,254.6056136328,3.7607841112
2784,1753089236,39692.500,72.802566530,1.961020847,73.074899436,1.920497880,72.864749536,1.871405389,35.198371368,47,0.897403049,1516,250.0552586676,1.9237265319
2787,1753131846,43201.000,73.104759293,1.872906632,72.736465540,1.854334963,72.732167114,1.792172167,66.116513581,47,0.034316093,1647,250.0584671329,1.7572045096
2788,1753155130,3349.000,69.254037553,7.501141443,69.734158596,7.225619409,75.194402410,6.544832656,51.767097718,47,0.293133529,132,249.3577220086,6.0098443229
2789,1753174258,33558.100,70.955479911,2.131662761,71.476585280,2.076915249,71.517118145,2.016367483,45.347358182,47,0.541202536,1258,249.7835861313,2.0214355075
2792,1753213825,43201.000,72.417450372,1.906902895,72.480923045,1.869586528,73.041289864,1.795976631,46.756251576,47,0.482581444,1654,247.3245706166,1.8252000660
2793,1753239749,8629.000,72.872790260,4.235370653,74.044579220,4.125883122,72.074868657,3.991857776,34.739563915,47,0.907348210,326,258.4860373606,3.9448318592
2794,1753261381,30795.400,73.201711707,2.191592814,73.194312998,2.165350914,72.667277776,2.121728867,48.927636508,47,0.395595215,1173,250.9752721416,2.1170924273
2797,1753299510,43201.000,74.513742971,1.932629799,73.987280585,1.889463776,74.012818508,1.807881397,50.564638371,47,0.334628542,1676,249.6548926106,1.7597609380
2798,1753324346,6452.000,68.316975866,4.735449238,69.208524328,4.625891795,69.190780119,4.523142795,35.765444998,47,0.884204592,234,244.9298792301,4.7550903246
2799,1753346192,35480.900,78.908605102,2.100117252,78.833516383,2.087242914,78.341458533,2.052399390,54.236334879,47,0.217940406,1457,250.7209502999,1.8833152152
2802,1753386755,43201.000,82.576276444,2.046192520,82.780112951,1.993619174,83.109859447,1.915767222,37.686621136,47,0.832111032,1882,247.6339051049,1.6566748955
2803,1753411093,5456.000,71.211149570,5.367345125,72.160324383,5.207522460,72.031023750,5.018639230,34.759342203,47,0.906932975,206,246.4384542161,4.7994054177
2804,1753414602,246.000,-136289.799493292,169757380098.091156006,88.870000266,24.876975717,77.551753410,24.524017731,13.795841272,47,0.999999431,10,244.3245762239,16.1003316997
2805,1753424211,17909.000,89.149722837,3.379518938,89.058852693,3.226273214,88.842637425,3.076368936,43.483525033,47,0.619013707,834,245.5489663194,2.4927133828
2872,1753711720,900.200,151.839030632,55.162510067,129.530408562,16.451737250,127.308848636,16.435501686,34.211417541,47,0.917990342,60,244.7364294439,7.4366421476
2873,1753737076,42622.000,114.497436526,2.428345490,115.028833948,2.345730573,114.365015713,2.263877165,58.647365544,47,0.118627733,2552,242.5979486298,1.3220042814
2874,1753778123,38077.600,110.564381655,2.481108596,110.901977901,2.435058059,111.109325682,2.360824191,51.181629098,47,0.312961640,2215,240.5437390715,1.4876373082
2878,1753863345,43201.000,109.369458325,2.381981659,109.588171177,2.302353899,109.825740549,2.203577578,51.001372645,47,0.319211625,2484,241.8306636391,1.4078699358
2879,1753885201,491.800,163.951364453,23.299865257,136.813935884,28.808291795,132.049493983,22.646301387,25.343225565,47,0.995894045,34,231.6844303349,10.5160633209
2882,1753908451,43201.000,114.741113260,2.421443331,115.090237495,2.355421844,115.617677752,2.260936658,30.715682781,47,0.968175413,2615,241.5033463340,1.3134136560
2883,1753930570,1018.000,158.136921235,50.208520586,134.682633692,20.156964643,120.082174766,15.010271846,29.175297904,47,0.980783824,64,246.4763396541,8.8893141083
2884,1753942174,17078.200,112.177784468,3.814821393,112.320423138,3.730017179,113.631296381,3.564930828,50.462326895,47,0.338295020,1016,244.3655796341,2.1809115631
2900,1753993326,38094.000,113.600836029,2.467841450,113.505639657,2.442874246,113.217538578,2.382603306,62.624605251,47,0.063218521,2258,244.2244454326,1.4271850354
2901,1754015503,4282.000,110.278321699,7.546427220,111.172131627,7.351825757,111.962711393,7.067023679,50.476035291,47,0.337802574,251,243.8859559887,4.1994878324
2903,1754048800,28111.000,107.262560497,2.804154801,107.195059184,2.762966181,106.608785811,2.691420310,56.152787544,47,0.169364857,1569,242.9989995217,1.7928736219
2906,1754085676,43201.000,96.113549178,2.199758516,95.495677865,2.158085928,95.942776566,2.059597784,39.910043614,47,0.758638485,2170,247.7523223359,1.4862495743
2907,1754128333,42096.100,89.316303041,2.169135426,89.478678528,2.109785654,89.976107387,2.020532514,50.947809209,47,0.321081706,1983,246.4745546284,1.5485327743
2910,1754172143,43201.000,77.180370034,2.029788869,78.623589692,1.944276649,79.009097569,1.869023772,31.470819004,47,0.960084454,1787,243.8819534405,1.6581486943
2914,1754252484,43201.000,68.838387358,1.893348578,68.945749431,1.838442050,69.547459695,1.753544979,58.185913057,47,0.126997972,1573,250.7622599412,1.7533223310
2915,1754295694,43201.000,71.513199152,1.913879210,70.956578327,1.870402591,71.271776878,1.775150044,48.002954225,47,0.431943009,1612,246.4689461203,1.7302020872
2916,1754324048,13484.800,65.746665702,3.438011057,66.939059659,3.285771530,68.272982805,3.109749153,56.431494868,47,0.163010540,482,236.4873799469,3.5051901585
2919,1754353553,43201.000,63.612687539,1.861778320,63.603651487,1.785631881,64.286081626,1.685911419,55.450767536,47,0.186163414,1454,246.4544050970,1.8966293917
2920,1754376750,3172.000,88.122375438,14.788157388,84.559002110,8.562156286,76.474543106,6.786018363,21.971586109,47,0.999313148,127,244.8162714361,6.3632942717
2921,1754392186,25116.900,70.254871533,2.445425051,70.492381466,2.384977553,70.343187672,2.312869763,44.475296984,47,0.577724566,925,245.6679341979,2.3760723168
2924,1754427605,43201.000,71.004649396,1.928078636,71.155911858,1.854681340,71.139137095,1.773497460,58.945600723,47,0.113451587,1609,245.7696842908,1.7892150277
2925,1754450009,1588.000,59.422899634,8.161855847,58.462410595,8.189334236,55.329109729,8.157832171,35.214807945,47,0.897034613,46,240.9619306090,10.1744473918
2926,1754461821,20101.000,71.029124386,2.584990949,71.274482598,2.662812365,70.317011510,2.584904752,45.765003746,47,0.523735713,740,250.7031897662,2.5341777713
2942,1754515587,40401.000,68.192397181,1.887611474,68.510969809,1.845018266,68.268667641,1.796543885,32.093017377,47,0.952352364,1444,245.4683235257,1.8738026328
2945,1754560084,43201.000,77.584908824,1.978247108,78.169964683,1.918811159,77.992192564,1.856956966,49.167651719,47,0.386367305,1764,249.2019227026,1.6636661950
2948,1754604428,43201.000,76.136151540,1.953926165,75.195960323,1.937479611,75.781529509,1.830450368,54.703557950,47,0.205305220,1714,252.3296997862,1.7097056727
2949,1754647639,43201.000,71.294365606,1.913907387,71.967238987,1.858182474,72.421321666,1.789408507,46.475400397,47,0.494182292,1638,248.6160618541,1.7312344004
2952,1754690094,39377.000,70.479963588,1.970762729,70.694261092,1.920143900,70.723093193,1.852176992,61.479111689,47,0.076353205,1458,247.7156564774,1.8539139636
2953,1754732181,43201.000,72.344562446,1.877987741,72.011985675,1.850422891,71.934975794,1.783389993,44.542779728,47,0.574901075,1627,250.3301971787,1.7718216941
2956,1754776497,43201.000,77.269745131,1.999301484,77.691210545,1.940030464,78.213258869,1.859586845,25.471339574,47,0.995643668,1769,251.5825257831,1.6505614369
2957,1754819403,42593.100,76.304229489,1.897934908,76.353586078,1.870894709,75.383242175,1.838615663,44.469411391,47,0.577970769,1681,249.3254718259,1.7774881858
2960,1754863416,43201.000,72.947892316,1.909572534,74.080057798,1.852273613,73.791932760,1.806261883,41.103100650,47,0.714344449,1669,249.4654280214,1.7469806385
2961,1754906626,43201.000,80.900852870,1.967922386,80.802923864,1.942516039,80.512348446,1.886720298,56.147417250,47,0.169489042,1821,251.0541499276,1.6817229685
2964,1754948833,38907.000,87.799634353,2.145750439,87.280854453,2.123384434,86.648951809,2.062485759,41.607389333,47,0.694804950,1765,249.2552304650,1.7228164462
2965,1754981558,24725.500,87.247443436,2.854356050,87.330955106,2.753638296,88.220064285,2.610563839,53.153747712,47,0.249183212,1142,252.1351250157,2.0730885247
2980,1755037511,43201.000,91.329882593,2.178437342,91.259383985,2.116091167,91.919369807,2.015950172,46.134390386,47,0.508336817,2079,246.8739142059,1.5970316020
2981,1755080722,43201.000,98.734825103,2.193976013,98.473977877,2.163502474,98.728212015,2.089281268,81.545041603,47,0.001323308,2233,247.8776492884,1.5076401392
2982,1755102353,44.600,-34.107466853,102.487336556,-31.405330948,90.041286993,85.652784411,60.565664685,11.736178817,47,0.999999966,2,209.5218028498,10.2459346785
2985,1755122226,37389.000,95.158469199,2.396678638,94.460283364,2.329899801,95.275521605,2.206184947,37.717456828,47,0.831184430,1865,249.9821723571,1.6396200120
2986,1755163405,43201.000,95.579618201,2.180712577,96.131556548,2.133513164,96.517548961,2.065757874,54.929026354,47,0.199391353,2183,249.1620781720,1.5281069429
2989,1755207754,43201.000,93.913938331,2.181081860,93.931942297,2.132795490,94.527952211,2.044355407,47.794630918,47,0.440288804,2138,246.4577457704,1.5524261504
2990,1755250964,43201.000,96.933254839,2.194237856,97.229298297,2.136193671,96.871255049,2.069539584,67.009317765,47,0.029111820,2191,247.8205954292,1.5386323023
2993,1755293675,39945.000,92.251880761,2.224311089,91.448112848,2.077194108,90.231010973,2.077159629,58.890114782,47,0.114400910,1887,248.3333235203,1.6246395286
2994,1755336281,43201.000,95.202097516,2.179757466,95.059181760,2.136784386,95.368004172,2.053419214,49.885057226,47,0.359356948,2157,248.1052873540,1.5100034024
2995,1755357894,8.600,433.094340712,90960.269894861,433.094340712,13703386.622273097,444.199323807,314.096354062,2029.227770432,47,0.000000000,2,259.5155651762,45.9367364804
2998,1755380665,43201.000,94.465361954,2.120883440,94.513260313,2.079206029,93.334194162,2.031405694,35.335272809,47,0.894308607,2111,248.4775484182,1.5513524011
2999,1755423877,43201.000,98.060814368,2.178656120,98.621788615,2.123507025,98.020799838,2.081782701,36.313889856,47,0.870486284,2217,248.7587441942,1.5262465827
3002,1755466623,40045.000,93.800799344,2.217790533,94.473982178,2.163277177,94.012299390,2.117587491,63.690525189,47,0.052755961,1971,250.7716919723,1.6082587589
3003,1755499555,24558.600,97.155309301,2.997681758,96.030859823,2.858044595,95.430523415,2.724363320,50.677881365,47,0.330594325,1227,248.0811887258,1.9982178536
3019,1755554141,37621.000,118.287435920,2.571334664,118.075720684,2.515332945,117.179547837,2.439124203,47.966012103,47,0.433419113,2308,249.2400343026,1.4805232855
3020,1755595316,40875.800,161.465862450,2.953386516,161.669350364,2.844350162,160.418291461,2.737896237,47.220426871,47,0.463546234,3433,244.8924527014,1.2011093301
3023,1755638369,42820.000,150.815568190,2.750824663,151.226489243,2.688195168,151.350390341,2.598313893,43.061057765,47,0.636413503,3393,245.9333935177,1.2202129719
3024,1755638369,42820.000,-0.002230333,0.000000000,-0.002230333,37.346822813,0.000000000,0.000000000,0.000000000,47,1.000000000,0,0.0000000000,0.0000000000
3027,1755719222,43201.000,122.119727343,2.497395826,122.317014968,2.426389032,122.603373004,2.328238592,49.799429810,47,0.362533651,2773,247.4173472412,1.3619976905
3028,1755743315,4966.000,105.785586224,6.708621957,107.692268020,6.571619364,108.080153636,6.447521417,41.553080658,47,0.696929741,281,248.9393476748,4.2096705281
3029,1755768008,43201.000,111.270466619,2.378625054,111.502558697,2.320954701,112.213256648,2.227400730,47.297946339,47,0.460386337,2538,248.9773821100,1.4111407452
3032,1755812506,43201.000,96.915210690,2.150053560,96.884460909,2.122842853,96.650188744,2.067176826,60.306303995,47,0.092058987,2186,248.4877119356,1.5419562357
3033,1755855716,43200.000,86.138681372,2.075603966,86.180266786,2.027899462,86.262069148,1.952950504,54.004755660,47,0.224393163,1951,252.2737943241,1.5693933644
3036,1755900969,43201.000,77.987392743,1.936304837,77.947701938,1.910459357,77.859552780,1.855377249,32.439572865,47,0.947602808,1761,249.6097014528,1.6968070979
3037,1755942924,40689.500,72.717689933,1.959123710,73.000004105,1.908201985,72.901329937,1.849906266,55.284408416,47,0.190312039,1553,251.8302429346,1.8123973484
3041,1756028485,41650.200,63.337098931,1.834251357,63.315204395,1.773263148,63.102663591,1.701133803,54.950673117,47,0.198829854,1376,249.9098985740,1.9315400373
3044,1756072207,43201.000,64.830227220,1.740403023,64.839572281,1.681927954,63.976588798,1.681848276,46.028772514,47,0.512733627,1447,250.9051485315,1.8845566627
3045,1756101464,15294.400,63.629350336,3.133761186,64.239350622,2.801277078,62.817679508,2.800901892,42.630763485,47,0.653966086,503,247.5595936496,3.1570198283
3061,1756154348,43201.000,65.556893788,1.887734783,65.802609714,1.818735583,66.850450769,1.719208083,41.703302790,47,0.691040941,1512,248.3295446226,1.8078186229
3062,1756197558,43201.000,71.643766511,1.859057094,72.198227463,1.815848058,71.846549272,1.782293534,52.726519188,47,0.262261060,1625,246.8390592060,1.7603033582
3065,1756242302,43201.000,78.180125245,1.941099509,78.222704511,1.911340144,78.080619086,1.858009364,34.002836689,47,0.921958154,1766,250.3072831535,1.7305345949
3066,1756285513,43201.000,90.036091762,2.157046023,90.415911403,2.082489406,90.416118930,1.999397778,52.495898620,47,0.269493793,2045,246.3318977018,1.5969321069
3069,1756318274,19720.000,106.929805084,3.467279599,105.771074920,3.386148917,106.641625695,3.213905461,48.844731585,47,0.398803642,1101,246.2069029549,2.1295242861
3070,1756350578,43201.000,113.612180232,2.399252577,112.980166932,2.347268249,113.451227958,2.239653715,48.306471699,47,0.419881437,2566,245.5280235482,1.4213709456
3071,1756377814,11250.000,114.493903617,4.622911969,114.223218424,4.499894075,112.226465605,4.365103604,34.614254556,47,0.909950901,661,249.9839487833,2.7789131283
3076,1756418082,38855.000,109.050784871,2.513334374,108.414580695,2.457244193,109.967770316,2.325050699,48.573073593,47,0.409389362,2237,247.5122662978,1.5100605249
3077,1756459906,43201.000,101.160287731,2.206219458,101.118168189,2.177596142,101.115728114,2.114392605,42.478375321,47,0.660134212,2287,246.1051860409,1.5100631808
3080,1756504306,43201.000,86.900342855,2.124722927,86.729068158,2.070079904,87.630683481,1.968359288,42.116257919,47,0.674676724,1982,249.1285081469,1.6114525837
3081,1756543526,35218.300,86.835868500,2.245438926,87.056348452,2.205619373,86.396019914,2.164640840,56.069718889,47,0.171293192,1593,253.1159687145,1.7854416696
3084,1756543526,35218.300,-0.002711739,0.000000000,-0.002711739,45.407954185,0.000000000,0.000000000,0.000000000,47,1.000000000,0,0.0000000000,0.0000000000
3085,1756627264,43201.000,62.049277583,1.786899281,61.530390087,1.755138128,62.208058354,1.658439365,68.708973296,47,0.021097368,1407,247.6550005535,1.9497852433
3088,1756651956,3641.000,56.183082134,6.588896547,57.260270532,5.986414134,58.230249177,5.526970660,46.482258817,47,0.493898343,111,256.1944212683,6.8642256684
3105,1756742075,16143.000,77.007987666,3.303072658,75.793373166,3.196113092,76.553734669,3.009637865,48.284256384,47,0.420760145,647,251.9034734347,2.8963350225
3107,1756805676,43201.000,66.563927781,1.823723653,66.370444037,1.787424437,66.496744680,1.714653882,52.826927025,47,0.259149871,1504,248.2169100904,1.8229413176
3110,1756837275,17615.000,61.924992752,2.935896259,63.166296935,2.794449907,64.192665267,2.638302291,56.243330871,47,0.167281049,592,249.5255570735,2.7805552559
3111,1756852158,10170.000,63.207860391,3.571946699,62.933578118,3.544618657,63.105131075,3.442667142,49.131823539,47,0.387738965,336,253.1798398831,3.8789249970
3113,1756903858,20815.800,60.028662034,2.528715570,59.684771986,2.479625862,60.286297413,2.351992470,51.205232688,47,0.312148228,657,246.4820905948,2.6976933983
3116,1756935289,39699.000,61.779786705,1.950756772,61.743228609,1.869199152,63.317341333,1.745399013,53.263394472,47,0.245894608,1316,245.4501740263,2.0124721491
3117,1756977858,43201.000,66.360302633,1.848265343,66.412792766,1.796154171,66.762024247,1.718070665,37.555095014,47,0.836032195,1510,248.9393007629,1.8201046250
3120,1757022195,43201.000,70.058571409,1.873401615,69.812720203,1.827063854,69.591672956,1.754102279,53.619686506,47,0.235401098,1574,245.4211709491,1.8061910382
3121,1757065406,43201.000,69.628556131,1.846214571,69.915601676,1.802200715,69.591672956,1.754102279,43.144889731,47,0.632972747,1574,248.5308775096,1.8237836412
3124,1757108921,41301.000,62.439412703,1.883376485,62.404111254,1.820337766,63.497454973,1.713645758,73.027529610,47,0.008856360,1373,248.4400844204,1.9079505036
3128,1757196171,43201.000,59.030175455,1.762325678,59.483390729,1.694871872,59.687902472,1.624498943,59.592582495,47,0.102834769,1350,247.9063743155,1.9416213398
3129,1757239383,43201.000,62.874742848,1.759880678,63.364807301,1.719402478,63.357603143,1.673692400,55.456049321,47,0.186032756,1433,251.5822450891,1.8656810249
3132,1757283721,43201.000,61.303678199,1.757971730,60.561001328,1.738998084,61.058513566,1.643044735,39.277429121,47,0.780846974,1381,247.3905047296,1.9321524628
3133,1757313854,17045.300,65.103042493,2.901753146,64.887579454,2.830482404,65.217580668,2.703355694,53.782359413,47,0.230708451,582,251.3669318449,3.0147980150
3149,1757366592,41388.000,68.878526273,1.927148225,69.373725466,1.867100428,69.686532557,1.793330695,31.810022485,47,0.955993246,1510,251.4967286049,1.8658980620
3150,1757409591,43201.000,69.243353254,1.855171838,69.365291165,1.739630473,68.442128168,1.739554449,53.130262614,47,0.249891208,1548,250.7115121702,1.8029233992
3153,1757455660,43201.000,68.180534814,1.894767812,68.262443831,1.830367835,68.707407735,1.742922419,46.474993853,47,0.494199124,1554,251.7108598568,1.8413063087
3154,1757498870,43201.000,66.815433247,1.707856209,66.857528385,1.758871868,65.966185547,1.707799808,56.833912130,47,0.154147341,1492,251.4602317011,1.8675145892
3157,1757541025,38766.000,67.061114912,1.941700428,67.313363407,1.887879281,67.255531421,1.820378439,70.780244694,47,0.014034501,1365,250.7610724682,1.9422590547
3158,1757583240,43201.000,68.060952757,1.788242799,68.209862654,1.764978160,67.867355774,1.732234719,56.281372860,47,0.166411135,1535,248.7853111265,1.8331950015
3161,1757627648,43201.000,62.972677520,1.798506620,63.292413401,1.735564801,63.048110315,1.669599522,56.707483471,47,0.156892492,1426,249.0884951275,1.8776526357
3162,1757670858,43201.000,65.168143173,1.815827817,64.965322065,1.778716895,65.391413153,1.700343384,40.030157101,47,0.754315739,1479,249.0654719805,1.8545065113
3165,1757713568,39895.000,62.866422784,1.834576750,62.856490336,1.779972477,62.144481912,1.724905176,37.450465984,47,0.839115230,1298,246.0939256789,1.9387678801
3166,1757755912,43201.000,60.883782373,1.693558653,60.540903084,1.673050250,60.085821822,1.629904944,41.069997237,47,0.715611543,1359,248.6935531684,1.9622829176
3169,1757800278,43201.000,59.663280721,1.742486838,60.231433678,1.690889201,60.395314650,1.634097248,56.920407467,47,0.152289954,1366,247.6777421042,1.8825030572
3173,1757887849,43201.000,55.638026217,1.660241448,55.794591884,1.623713961,55.797135496,1.570660154,50.681158245,47,0.330477967,1262,249.9657300114,1.9837058251
3174,1757919210,19501.600,54.077197269,2.617180128,53.336706176,2.450838578,53.477210713,2.288613343,50.021827709,47,0.354310513,546,253.0862621393,2.9533386691
3190,1757972009,39175.000,61.432814515,1.775633747,61.271512693,1.760177569,60.848787525,1.722442117,47.487679580,47,0.452677757,1248,248.6907932486,2.0416523399
3191,1758013882,43201.000,61.994644468,1.723720000,61.695741943,1.688013847,61.058513566,1.643044735,55.703261530,47,0.179990010,1381,245.3660000730,2.0151110304
3194,1758054112,34730.000,59.881599517,1.954992164,60.201159499,1.899231259,60.497057345,1.824054910,57.192343446,47,0.146559269,1100,246.5863517312,2.1767241418
3196,1758104145,40636.700,61.297637695,1.855637495,61.956600132,1.782268411,62.279310264,1.710944236,53.831589345,47,0.229300506,1325,245.4914645438,1.9358584093
3199,1758145851,37442.000,63.153162885,1.979049010,63.149278722,1.918682386,64.277333913,1.810808741,54.023546794,47,0.223864871,1260,244.7187327129,2.0473972900
3200,1758186057,40984.000,74.180337607,1.887317392,74.158236157,1.867727491,73.029949828,1.844873124,70.986649520,47,0.013463837,1567,244.3942460937,1.7856346428
3203,1758229279,43201.000,82.537491086,1.994238607,82.367498378,1.967693591,82.192452367,1.906304371,40.951267174,47,0.720139554,1859,241.5380805097,1.6132331086
3204,1758272239,42697.400,82.034988799,2.101635987,82.992666429,2.017829688,83.385555565,1.931380635,61.148430335,47,0.080540147,1864,243.3842314954,1.6858210080
3207,1758316147,42888.000,59.682141631,1.801281235,59.809113191,1.728262225,60.301653215,1.638777100,33.229606635,47,0.935529051,1354,245.7421623217,2.0198030549
3209,1758361100,36810.900,38.488574833,1.408700495,38.790019263,1.404925159,38.034165117,1.404823942,40.719126366,47,0.728915520,733,251.7178618537,2.5642395944
3212,1758397067,32699.000,25.961053373,1.280278999,26.178448663,1.260648936,26.110753243,1.234996250,44.868067206,47,0.561279857,447,251.0254802849,3.2162493774
3213,1758431068,33299.700,23.641139441,1.159622764,23.811340492,1.158821829,23.402712147,1.158606897,36.878621767,47,0.855389136,408,246.7453517687,3.7155321406
3214,1758461431,27384.400,21.037251785,1.363156540,21.436298477,1.305566678,21.901444874,1.235970038,50.178924489,47,0.348556738,314,262.0593152242,4.1164404122
3217,1758497838,43201.000,20.620961896,0.993612386,20.317818904,0.982488844,20.249673579,0.946205107,39.469426591,47,0.774208698,458,249.1459532860,3.4704872437
3218,1758529518,20134.700,19.023109712,1.387664494,19.067343494,1.374611721,19.067653134,1.344928554,46.322192845,47,0.500533129,201,251.2299728812,5.3412066436
3238,1758584198,24854.000,15.175444314,1.183349385,15.115950181,1.118924681,14.909112252,1.070411878,36.645621376,47,0.861736549,194,252.1338759034,5.3233545916
3239,1758618953,43201.000,16.890817780,0.857377496,16.694246250,0.895979720,16.624186170,0.857326941,38.024258952,47,0.821815611,376,253.6128444273,3.6284754951
3242,1758663296,43201.000,21.665691140,0.968852025,21.621143201,1.017173098,21.222365323,0.968664018,41.721939508,47,0.690307894,480,255.5922975798,3.2779871549
3243,1758706506,43201.000,28.401740500,1.169602672,28.326969285,1.156199364,28.340700359,1.119390363,35.363819647,47,0.893655984,641,251.0506148325,2.8338017940
3246,1758749218,39918.000,33.622471668,1.354548008,33.833685011,1.324924115,34.116706921,1.277680715,47.431574043,47,0.454953378,713,245.5506264795,2.7484228254
3248,1758812885,18160.300,38.685365160,2.270205709,39.480706635,2.145414250,39.546784289,2.039469677,50.772053670,47,0.327258908,376,241.3012016292,3.7249158361
3251,1758836876,27463.000,35.480711562,1.779361325,35.397103626,1.689018856,35.957452454,1.581406951,35.246910944,47,0.896312577,517,257.9625502952,2.9996779303
3253,1758879854,6519.000,39.456272171,3.733025331,40.885646816,3.610425459,41.312785707,3.479164185,38.339700519,47,0.811904243,141,248.8918174367,6.1130156989
3256,1758920327,43201.000,43.253902455,1.494221775,43.706472216,1.441011123,43.594275435,1.388324559,44.055988589,47,0.595237632,986,253.6507975870,2.2505901613
3257,1758942546,1216.000,71.734779282,65.481357176,46.132434301,12.762566078,40.840036515,8.009390120,30.362576085,47,0.971504228,26,249.3378225485,13.7339546017
3258,1758965343,43201.000,44.437820065,1.506512790,44.872987718,1.454568052,44.832246746,1.407899084,64.016854927,47,0.049863649,1014,248.9541871416,2.2665981587
3261,1759009677,43201.000,45.588117683,1.502696999,45.582042844,1.472468295,45.628085445,1.420340260,60.259643906,47,0.092734400,1032,249.0079293420,2.1986711142
3262,1759052887,43201.000,44.267416688,1.602245359,43.993065151,1.516733398,44.876460007,1.408593143,49.758477906,47,0.364057583,1015,250.5188360306,2.2173987312
3267,1759086640,21945.000,44.391751068,2.169827784,44.566486686,2.106170532,45.521069005,1.990497369,57.619734130,47,0.137882692,523,252.0472493900,3.1910989286
3269,1759147191,22355.000,51.619035702,2.216344495,51.841039863,2.158800478,51.436115840,2.096379577,43.183319995,47,0.631393343,602,251.3872775854,3.1290718178
3284,1759192083,20517.000,47.746613836,2.183960490,47.893995151,2.144597706,47.199831644,2.096218116,37.424403317,47,0.839878178,507,252.7857808051,3.3347298926
3285,1759222523,39015.500,49.913942082,1.553856079,49.678218388,1.627840787,49.152191328,1.551229403,40.397499729,47,0.740897492,1004,246.0087623818,2.2958915666
3290,1759329145,24193.100,52.638237337,2.095572853,53.014560214,2.073103202,52.738927120,2.040530353,47.781405838,47,0.440820379,668,249.3516948844,2.7976439583
3293,1759359145,32026.000,49.117361129,1.688415299,47.417650807,1.809694013,47.772301598,1.687951281,53.225487416,47,0.247028397,801,249.8315921578,2.5385499486
3294,1759410949,29932.600,52.687460805,2.071732985,52.780180050,1.959675700,53.282964799,1.843933032,51.104014805,47,0.315644504,835,247.6570435686,2.4965373924
3298,1759410949,29932.600,-0.003190597,0.000000000,-0.003190597,53.426396400,0.000000000,0.000000000,0.000000000,47,1.000000000,0,0.0000000000,0.0000000000
3299,1759488252,34736.800,51.809648763,1.826436438,52.430816067,1.769806430,52.787096355,1.703696209,51.976301732,47,0.286227461,960,249.2470800482,2.2956508395
3302,1759516295,18975.000,52.206165431,2.454216685,51.934199297,2.410135610,52.444782352,2.297647631,41.479054019,47,0.699818270,521,253.2719436194,3.2920586700
3306,1759615026,43201.000,50.298062422,1.624189951,51.091566461,1.550327209,50.801036993,1.498692601,62.365871224,47,0.066006454,1149,249.9755325967,2.1108967009
3307,1759658236,43201.000,47.474013151,1.609222170,46.692770010,1.556767874,47.529255672,1.449628708,45.542224918,47,0.533047302,1075,250.7906874839,2.2283663453
3308,1759688923,18153.300,45.788985389,2.449327919,44.906019274,2.291067136,44.717724285,2.169128242,32.189006994,47,0.951069266,425,245.4230266934,3.5400813198
3311,1759721101,43201.000,43.131809193,1.440025419,43.284404646,1.409893544,42.754223475,1.374883139,62.815350714,47,0.061227156,967,248.1102074074,2.4173662447
3312,1759748891,12360.000,42.058842316,2.609484905,42.324360474,2.585263576,42.033618861,2.548662506,45.145767464,47,0.549645535,272,243.3363520739,4.2756988400
3332,1759813454,43201.000,41.928859034,1.444091905,42.078080111,1.417052122,42.356304125,1.368470070,45.178016514,47,0.548294601,958,252.9104420833,2.2938760018
3333,1759840654,11175.700,46.372549683,3.030813740,46.347464184,2.798364328,45.804316576,2.797943953,42.621909643,47,0.654325190,268,244.1806252959,4.2412398812
3336,1759840654,11175.700,-0.008545581,0.000000000,-0.008545581,143.095372359,0.000000000,0.000000000,0.000000000,47,1.000000000,0,0.0000000000,0.0000000000
3337,1759912133,41400.900,47.383855665,1.562464458,47.373463422,1.532734610,47.427439765,1.479221205,49.390588713,47,0.377879576,1028,247.1595623075,2.2682945146
3340,1759955559,43201.000,47.248780701,1.591640158,47.295687021,1.536819311,47.882961761,1.455012677,48.851743972,47,0.398531853,1083,249.5443726598,2.2612647310
3341,1759978054,1767.000,42.782522366,9.163516544,39.615290502,7.373019599,41.076496610,6.663487655,26.767970654,47,0.992315106,38,236.8669551927,11.2849993320
3342,1759999599,37800.700,52.823351039,1.709554025,53.090393812,1.674455665,52.854040233,1.634226877,32.546416080,47,0.946072497,1046,249.8075505659,2.1825355469
3345,1760041201,43201.000,51.820763454,1.619946115,51.486447373,1.552990293,50.889463515,1.499996379,53.601501316,47,0.235929530,1151,246.8763786541,2.0774849138
3346,1760084412,43201.000,51.947716521,1.727046682,52.802084635,1.623914386,53.232766353,1.534142822,49.707268950,47,0.365967410,1204,247.5754941345,2.0760782344
3347,1760109479,6914.300,48.605091626,3.647849806,49.370125178,3.936448636,48.067039913,3.643952892,38.745665378,47,0.798744562,174,249.8996453329,5.1026056218
3350,1760135640,43201.000,54.945770198,1.681167708,54.649553771,1.629934477,54.647590708,1.554396409,48.301091619,47,0.420094181,1236,248.9703972869,1.9901850422
3351,1760174355,34209.700,53.538963362,1.837584213,53.490332848,1.797153295,53.544601431,1.729045359,39.022476195,47,0.789519043,959,246.9098613068,2.3298737890
3354,1760214170,43201.000,55.290372135,1.687793910,54.770219919,1.619570287,54.382311141,1.550619012,47.095506422,47,0.468650370,1230,247.2184542380,2.0613036246
3355,1760237988,4415.000,62.490282362,5.157947683,62.823578661,5.156013858,61.433319845,5.155369679,38.446895408,47,0.808473048,142,258.1235136311,6.1273821796
3356,1760258149,33424.900,59.360518028,1.940249830,59.309219608,1.892621315,58.801933530,1.833090554,55.497544839,47,0.185008524,1029,251.5661670995,2.1970916447
3359,1760297540,43201.000,57.623349260,1.684983472,57.280657984,1.665761770,57.565665940,1.595357583,31.278725058,47,0.962273084,1302,251.0378390944,1.9949657793
3360,1760330398,22492.600,58.995483975,2.370364390,59.131517949,2.305062174,58.679274554,2.232264807,72.280384810,47,0.010342226,691,248.2020905856,2.7763501881
3403,1760440841,20370.900,65.058154043,2.676460737,63.650641817,2.555081620,63.384464822,2.437864032,46.659673123,47,0.486564293,676,251.4516740770,2.7729792552
3406,1760473822,43201.000,63.109530696,1.745099691,63.125624086,1.715168202,62.871257271,1.667256223,48.208745463,47,0.423751859,1422,248.4038549409,1.8951524641
3407,1760496310,1755.000,70.142962892,23.814433697,59.563735774,8.002805715,58.770987458,7.997718386,36.120357953,47,0.875433844,54,254.8201923546,9.7111493933
3408,1760518638,40447.400,60.843675354,1.794587085,60.899981439,1.754069524,60.823527222,1.694781327,53.969143630,47,0.225396627,1288,249.7894862141,1.9988674668
3411,1760550873,21515.000,63.092947816,2.606483713,63.804036779,2.498916736,64.186440985,2.387119425,47.327173411,47,0.459196498,723,248.2619229424,2.7197965962
3412,1760573100,20930.000,56.688745402,2.582601121,55.283291006,2.464082765,56.489505025,2.270504907,51.618569634,47,0.298094402,619,247.0805892955,2.8603856470
3413,1760605690,41197.700,59.486449818,1.739712472,59.413326878,1.715347618,59.483982104,1.660682871,55.009111431,47,0.197319503,1283,249.0776501365,2.0573857016
3416,1760649082,43201.000,55.714702649,1.636875698,56.015781599,1.600515286,55.664495713,1.568792173,42.364939385,47,0.664707710,1259,249.2283388596,2.0154512028
3417,1760678414,15443.000,52.215966092,2.511110891,51.144628852,2.657761992,50.957943538,2.510517686,42.657550002,47,0.652879112,412,244.7123390354,4.0095628269
3418,1760699986,24878.300,49.562069195,2.142716085,50.197695546,2.048789985,50.288299261,1.964926447,60.918369360,47,0.083562980,655,249.6168647549,2.8692049984
3421,1760735174,43201.000,42.073290926,1.487251792,41.464331910,1.442542347,41.604678686,1.356273763,51.883154493,47,0.289290539,941,249.0639150444,2.4195815723
3422,1760776683,39797.800,33.934229708,1.355269240,34.217991289,1.317196601,34.123760426,1.279741000,45.071347216,47,0.552763290,711,251.6398109415,2.5788082343
3425,1760819350,43201.000,26.398021361,1.273973043,26.758181526,1.177805894,27.191155571,1.096453219,57.221133930,47,0.145962165,615,250.6199211091,2.9267638625
3426,1760862561,43201.000,24.995369895,1.032217106,24.837099147,1.116772312,24.096227294,1.032168973,35.649770552,47,0.886978362,545,250.9212679083,3.0565829314
3430,1760908041,43201.000,16.411350399,0.877546443,16.529955997,0.865030598,16.403119865,0.851607551,44.346857409,47,0.583095276,371,254.9122916458,3.6575383216
3431,1760941752,24200.100,14.380988076,1.651981094,14.127679822,1.176622861,13.733411600,1.041127247,29.291474594,47,0.979996803,174,250.1390895086,5.6631739721
3447,1760998473,41818.000,13.298588551,0.808858228,13.342130604,0.797177339,13.291563773,0.779165267,43.482087284,47,0.619073161,291,252.6689856972,4.3437545737
3448,1761036927,33707.600,10.995198606,0.878038054,11.192663784,0.842693916,11.389760041,0.803371731,43.791778760,47,0.606234663,201,246.4522106968,5.3947259145
3451,1761076843,43201.000,8.645133551,0.720157052,8.856360196,0.680231615,9.152145046,0.636118054,66.498644399,47,0.031996269,207,245.3030348109,5.2418048729
3452,1761100649,4387.000,8.235425467,1.771556289,7.879148690,3.457189345,6.095463709,1.629081201,12.663708661,47,0.999999870,14,234.7925488279,20.8057966441
3453,1761123327,27907.800,7.061234460,0.833866488,7.297491521,0.796861624,7.802353053,0.730757317,42.008910555,47,0.678954308,114,258.1607606231,7.3142781606
3456,1761160122,43201.000,6.958549453,0.550497852,7.190009649,0.593424210,6.853055469,0.550450661,29.869084811,47,0.975704510,155,251.2134238700,5.8537179450
3457,1761185370,7276.000,8.038371829,1.655538870,6.457460542,1.663809736,7.350412120,1.389097322,33.689914728,47,0.927664404,28,241.3014480222,12.5633982924
3458,1761207712,36032.400,5.697762747,0.695700409,5.688563415,0.630618888,6.043075358,0.565985864,36.536351788,47,0.864656054,114,245.7187211251,6.8113841306
3461,1761248508,43201.000,5.702937685,1.512565723,5.460986420,0.656140509,4.907671981,0.465815610,27.891454912,47,0.987964961,111,250.0260563380,7.0467937372
3462,1761290733,41230.100,5.011426665,0.559681785,5.008215884,0.526271866,5.142270750,0.488082740,35.068406885,47,0.900286631,111,247.2089220623,7.0067518719
3465,1761334087,43200.000,3.800219882,0.498346141,4.056207660,0.472775281,4.244571316,0.433209746,45.632211124,47,0.529284339,96,229.6594041433,7.1461494250
3466,1761358913,6432.000,4.109627638,1.475251495,4.360339425,1.416187454,5.048347415,1.224404096,28.445083877,47,0.985191495,17,262.2503029826,19.2128347774
3467,1761384672,42260.100,3.174595654,0.512808499,3.016409416,0.459388883,3.389823543,0.391423107,47.877222677,47,0.436973753,75,237.2477264358,8.9643816688
3470,1761428587,43201.000,5.061287914,0.999840441,4.491200412,0.511162085,4.332899587,0.437688954,34.174639314,47,0.918699575,98,243.1410102066,7.7046156336
3471,1761469148,37899.100,2.970248443,0.433795076,3.073091998,0.417381824,3.124705857,0.396838041,36.933853687,47,0.853860261,62,253.1222297538,9.9149825635
3474,1761510854,43201.000,5.194739945,1.158807672,4.198346118,0.421880299,4.023406759,0.421767630,37.090774233,47,0.849466152,91,233.1457892649,7.9771726928
3475,1761553280,41630.100,17.534081155,4.708164538,3.206339292,0.599731227,2.936424700,0.367053088,27.173264142,47,0.990925204,64,251.2716709077,9.5873666524
3479,1761598316,43201.000,2.858218492,0.354940352,2.870180143,0.388127568,2.829648710,0.353706089,30.991176568,47,0.965381154,64,245.0513472799,9.6390659752
3480,1761621990,4124.000,377.373285470,1.538166177,7.475850543,1.703321828,5.094720663,1.536116077,17.660650740,47,0.999969495,11,234.1159647851,24.7925987412
3481,1761646434,43201.000,3.552529553,1.208395702,3.971022210,0.608076872,2.918075232,0.359190231,22.108175125,47,0.999254491,66,238.3159231015,9.2582570624
3484,1761690951,43200.000,3.056906256,0.360311587,2.706216312,0.337983085,2.520214219,0.333810528,30.204831846,47,0.972902763,57,230.0879089292,10.1159422307
3485,1761733261,41399.700,2.840101277,0.499954772,2.726908015,0.385308657,2.722081765,0.354384861,31.951795507,47,0.954195556,59,240.9480092986,9.3068180812
3488,1761776687,43201.000,2.584000536,0.353540510,2.649132876,0.350896298,2.608582404,0.339608502,34.888436685,47,0.904192912,59,244.6031828103,10.5453816873
3490,1761819904,42028.400,3.937205100,63.082058401,2.749379797,0.386280425,2.817702785,0.357848612,796.830882100,47,0.000000000,62,263.9698743206,8.8803746880
3493,1761863591,43201.000,2.894714113,0.494060991,2.649919019,0.379655193,2.697008927,0.345316608,35.540272322,47,0.889565559,61,240.4217336153,8.8448841876
3494,1761906802,43201.000,2.530321640,0.386322553,2.596540324,0.374314639,2.741222188,0.348135566,30.622450652,47,0.969081468,62,221.2860957204,9.1720829215
3497,1761951068,43201.000,2.797571262,0.423131356,2.858762315,0.394147236,2.962288493,0.361901139,38.849466326,47,0.795308660,67,245.3344529347,8.1689797673
3498,1761993409,41461.200,2.204139817,0.465270165,1.940764923,0.395254163,2.303427171,0.325753795,36.205308459,47,0.873276418,50,249.6783052642,10.0627838724
3501,1762036812,43201.000,2.663900404,0.639288459,2.282142673,0.382866860,2.431729360,0.327894320,27.873608515,47,0.988046890,55,239.4327193850,10.4962097273
3502,1762079792,42738.700,2.768658555,0.553672775,2.650806529,0.343455438,2.592107653,0.340360410,47.977972451,47,0.432941025,58,258.7626129688,9.8669705489
3505,1762123822,43201.000,2.652039088,0.492620109,2.332072609,0.387098511,2.520155882,0.333802801,30.600405556,47,0.969292832,57,249.4150538657,8.8774778398
3506,1762159854,28843.700,4.702724760,0.486741968,3.731452701,0.486989645,3.575931069,0.486622582,33.661294993,47,0.928171654,54,248.0881523828,8.9615927619
3522,1762216411,33213.000,3.120665231,0.521514308,3.002937493,0.455066558,3.047994035,0.418674180,30.287112679,47,0.972179963,53,251.4628149732,9.3880392120
3523,1762254573,42150.000,3.046288460,0.366992385,3.375579150,0.370391408,2.945521020,0.365346918,40.821704201,47,0.725050440,65,242.5637627589,8.6306126737
3526,1762298380,43201.000,3.340778025,0.348244854,3.481407433,0.553446276,2.741222188,0.348135566,29.030152621,47,0.981732847,62,240.4547042957,8.8090127387
3527,1762341286,42591.100,5.312172869,1.525468390,4.331983488,0.557847580,4.036175124,0.425450214,28.719499040,47,0.983640447,90,254.1782836377,7.2105438683
3530,1762341286,42591.100,-0.002242320,0.000000000,-0.002242320,37.547538168,0.000000000,0.000000000,0.000000000,47,1.000000000,0,0.0000000000,0.0000000000
3531,1762427502,42467.700,3.306354842,0.500720732,2.806974307,0.465320123,3.238322552,0.381639973,50.540095454,47,0.335506204,72,258.6195706520,9.6795061786
3534,1762471432,43201.000,3.838274497,0.410104268,3.861882158,0.441902617,3.802340454,0.410016916,34.898451982,47,0.903978174,86,254.6111104888,7.2702684015
3535,1762514318,42553.500,3.483710263,0.433447335,3.404472294,0.431384650,3.545995284,0.398955639,47.755625832,47,0.441857180,79,250.7083225459,7.8304095176
3539,1762598054,38537.200,3.479624001,0.411750733,3.497283248,0.413426273,3.419914767,0.411709357,25.200023370,47,0.996159567,69,230.3866773883,9.0842606034
3542,1762640275,43201.000,4.343045585,0.425708877,4.032663309,0.506118177,3.802340454,0.410016916,26.311127429,47,0.993667935,86,257.9511037608,6.4999998497
3543,1762683485,43201.000,3.221330626,0.668203055,3.050752297,0.434833082,3.271781321,0.380336853,34.545545183,47,0.911357419,74,250.1098446751,7.9024457992
3547,1762728406,43201.000,2.807323941,0.394109870,2.917962285,0.356564484,2.873861971,0.356458707,30.092633527,47,0.973865170,65,247.1746946714,9.6376411334
3548,1762771600,43164.900,2.885778958,0.426546837,3.063885329,0.413672298,3.274517602,0.380654939,45.183645281,47,0.548058817,74,239.2378140783,8.3987676748
3551,1762814449,40312.000,4.152198796,369.236684464,3.649567312,0.413398013,3.601020515,0.413065382,86.897414888,47,0.000358006,76,241.3984817085,8.2430688123
3552,1762848462,26426.300,4.269916126,2.521556170,4.594480229,0.506500645,3.541653486,0.505950498,21.170541274,47,0.999582953,49,257.2762104182,8.5830364373
3568,1762906885,43201.000,4.229002412,0.482351963,4.132341006,0.463335193,4.200259804,0.430937563,31.500028560,47,0.959743621,95,247.2219660107,7.9345379398
3569,1762948109,39228.000,4.188270775,0.521030501,4.414795374,0.486767339,4.090058014,0.446261915,28.034302742,47,0.987292833,84,233.6826086625,7.4861762773
3572,1762990640,43201.000,4.216697649,0.398024610,4.041690262,0.624672726,3.581274148,0.397919350,32.024451874,47,0.953253851,81,237.3251270744,8.3881875577
3573,1763033214,41929.000,4.067380550,0.427436125,4.117400572,0.460565271,4.008801167,0.427339640,32.759579209,47,0.942924681,88,246.6655301931,7.8897948520
3576,1763074478,37713.000,4.184321071,0.478460507,3.919929950,0.498280805,4.051774385,0.453002148,40.226937569,47,0.747164217,80,245.2404481039,8.0776117273
3577,1763115558,43201.000,3.851269025,0.385917458,3.596519392,0.383001472,3.315994582,0.382898073,34.574389933,47,0.910768725,75,248.7814793527,7.9984164389
3580,1763160375,43201.000,4.252155764,0.460130879,4.323338593,0.455634149,4.421326109,0.442132611,48.738149541,47,0.402943756,100,250.5495713148,7.7708496537
3581,1763203047,42125.200,5.082599906,0.456065014,4.613971128,0.509253452,4.579581019,0.455685343,47.655560433,47,0.445888788,101,241.8343499212,6.9134165483
3584,1763246910,43201.000,5.144921001,0.448908987,4.492298034,0.507017497,4.553965892,0.448715593,46.654869339,47,0.486762580,103,256.6905784023,7.0473637187
3585,1763288814,40588.800,3.330114158,0.590574587,3.334297074,0.434202544,3.294110604,0.393721524,39.544416419,47,0.771591396,70,252.4984852793,8.5870746248
3588,1763331898,43201.000,3.971301880,0.448445279,3.920075957,0.435387044,3.934980237,0.417107071,36.021927061,47,0.877905594,89,248.9662078949,8.7107427284
3589,1763375108,43201.000,3.495790210,0.388147773,3.450243738,0.389085608,3.404421104,0.387969792,42.502969475,47,0.659140569,77,250.2640994214,8.3834225697
3592,1763419230,42690.000,3.521663258,0.481615898,3.585661966,0.452935521,3.803112037,0.412505418,56.053564532,47,0.171670039,85,235.3024837935,8.5079252084
3593,1763462817,43201.000,3.320067468,0.526884956,3.162070827,0.413967407,3.227568060,0.377758268,52.294166642,47,0.275919012,73,241.4227073810,9.4262826246
3596,1763507113,43201.000,3.454336369,0.485027464,3.539017235,0.450449832,3.758127193,0.407626126,36.714679440,47,0.859872552,85,248.6855873036,7.8282356518
3597,1763550323,43201.000,3.233846890,0.408978687,3.326713626,0.401335973,3.227568060,0.377758268,39.363310970,47,0.777888887,73,249.9256857284,8.9727036573
3600,1763592948,39110.000,4.526460213,1.004707564,4.452492811,0.561758652,4.200074404,0.452905671,37.978720117,47,0.823223283,86,257.7031694442,8.0091400062
3601,1763634539,43201.000,3.734520331,0.400486347,3.830840356,0.400463020,3.625487409,0.400368107,29.936681505,47,0.975159168,82,248.3175289895,8.5328375315
3604,1763678815,43201.000,3.269921148,0.471951916,3.299859876,0.445074271,3.581274148,0.397919350,41.979216137,47,0.680134715,81,252.0372963127,8.2092369729
3605,1763722025,43201.000,0.436089693,0.225750164,0.410964167,0.189081222,0.530559133,0.153159229,28.431768602,47,0.985263676,12,253.9650514158,25.9528734087
3607,1763806521,43201.000,0.000558672,0.490779035,2.948651498,0.396605845,2.741222188,0.348135566,155.655845456,47,0.000000000,62,246.0364314284,10.2973805183
3610,1763850851,43201.000,3.472180733,0.582287991,3.814741428,0.473797050,3.360207843,0.385442274,29.018768042,47,0.981805701,76,245.1823806134,8.5934790949
3611,1763894063,43201.000,3.177737821,0.367433423,3.158929912,0.417407198,3.050715015,0.367262930,31.539244911,47,0.959282656,69,246.2889862916,8.5544589426
3614,1763938329,43201.000,2.603208187,0.385461409,2.500535309,0.352283429,2.520155882,0.333802801,34.307834720,47,0.916111433,57,241.0542293607,9.7253059047
3615,1763975260,30640.200,2.635506341,0.486477422,2.571277485,0.450786126,2.680545655,0.408779380,44.406416488,47,0.580605379,43,236.8844061650,13.0101185854
3618,1764013266,43201.000,3.301649870,0.459869263,3.471756863,0.420669651,3.581274148,0.397919350,37.643291723,47,0.833408388,81,258.6020845374,8.9438797386
3619,1764039826,9899.000,20.732615780,618956.990400628,3.791513118,0.670799338,2.315454602,0.668414169,13.235360302,47,0.999999720,12,254.2909525977,21.5674949493
3620,1764055699,20890.400,3.160593387,0.430831676,2.160348104,0.733711492,2.011510360,0.428855450,37.790640960,47,0.828974223,22,257.4447006819,15.2169747331
3636,1764111473,43201.000,3.009364250,0.461806662,3.108774322,0.430900398,3.360207843,0.385442274,39.383637741,47,0.777186081,76,255.7569006209,7.5332626152
3637,1764154683,43201.000,4.160866503,0.454997381,4.157827531,0.417762233,3.934980237,0.417107071,37.566389529,47,0.835697462,89,260.0946901349,7.4394642360
3640,1764196816,38706.000,4.361341178,0.605966354,4.046264797,0.540506011,4.391956834,0.465546493,44.814084377,47,0.563541242,89,247.3590093833,7.3533640650
3641,1764238365,43201.000,4.866418314,0.433284570,4.428340336,0.444903721,4.244473065,0.433199718,39.166228089,47,0.784649708,96,244.0319271904,7.2588413434
3644,1764282694,43201.000,4.022510063,0.484479130,4.003482936,0.419442553,3.934980237,0.417107071,32.491365016,47,0.946864921,89,238.2487530376,9.5169342898
3645,1764325905,43201.000,4.061435811,0.415062861,3.866906998,0.454456911,3.890766976,0.414757153,31.261900987,47,0.962460441,88,237.1881736641,7.6284840582
3648,1764370225,43201.000,3.538995980,0.419879888,3.593886959,0.410997142,3.581274148,0.397919350,29.570148450,47,0.978006526,81,244.6713322629,7.4006684222
3649,1764413436,43201.000,4.691593106,0.440256436,4.700788794,0.440023172,4.377112848,0.439916393,36.532255886,47,0.864764776,99,255.9012740347,7.6177144771
3652,1764457767,43201.000,4.494682081,0.567798196,4.573674633,0.491753212,4.421326109,0.442132611,26.598913640,47,0.992840892,100,265.3436544847,7.1216108949
3653,1764500977,43201.000,4.985130057,0.517290873,4.961725446,0.504510924,5.084525025,0.474134403,39.118048204,47,0.786287599,115,259.2906895541,6.1460398901
3656,1764545279,43201.000,4.899413023,0.519072905,5.051682369,0.502978572,5.172951548,0.478239540,41.154454105,47,0.712374868,117,251.5224210330,6.7902334517
3657,1764588490,43201.000,5.191244846,0.558498528,4.977959058,0.543222452,5.305591331,0.484332009,39.380020977,47,0.777311206,120,250.6565702009,6.4458643057
3660,1764632810,43201.000,5.266395599,0.507398593,5.302507867,0.498800081,5.305591331,0.484332009,41.010737128,47,0.717874816,120,253.1225085004,5.8956419657
